model,mae,rmse,bias
baseline_prev_week_same_hour,48.31163661581137,74.09361816542146,-3.513689320388347
xgboost_fundamental_model,19.49372121987164,33.700155860527765,-10.427497387425081
